{"cameraMode":{"drawMode":0,"name":"Shaded","section":"Shading Mode"},"sceneLighting":false,"audioPlay":false,"sceneViewState":{"m_AlwaysRefresh":false,"showFog":true,"showSkybox":false,"showFlares":true,"showImageEffects":true,"showParticleSystems":true,"showVisualEffectGraphs":true,"m_FxEnabled":true},"in2DMode":false,"pivot":{"x":0.02275880053639412,"y":2.78135085105896,"z":-0.1497347503900528},"rotation":{"x":-0.056138329207897189,"y":0.1990780532360077,"z":-0.011395459994673729,"w":-0.9783862233161926},"size":0.06882020831108093,"orthographic":false}