{"cameraMode":{"drawMode":0,"name":"Shaded","section":"Shading Mode"},"sceneLighting":true,"audioPlay":false,"sceneViewState":{"m_AlwaysRefresh":false,"showFog":true,"showSkybox":true,"showFlares":true,"showImageEffects":true,"showParticleSystems":true,"showVisualEffectGraphs":true,"m_FxEnabled":true},"in2DMode":false,"pivot":{"x":22.113590240478517,"y":-24.876983642578126,"z":-9.836431503295899},"rotation":{"x":0.18169133365154267,"y":0.056611284613609317,"z":-0.010577105917036534,"w":0.9817659854888916},"size":72.24909210205078,"orthographic":true}