{"cameraMode":{"drawMode":0,"name":"Shaded","section":"Shading Mode"},"sceneLighting":true,"audioPlay":false,"sceneViewState":{"m_AlwaysRefresh":false,"showFog":true,"showSkybox":true,"showFlares":true,"showImageEffects":true,"showParticleSystems":true,"showVisualEffectGraphs":true,"m_FxEnabled":true},"in2DMode":false,"pivot":{"x":8.117480278015137,"y":-221.85293579101563,"z":738.014404296875},"rotation":{"x":0.17943069338798524,"y":-0.10119736194610596,"z":0.02220989763736725,"w":0.9783017635345459},"size":377.18719482421877,"orthographic":false}