{"cameraMode":{"drawMode":0,"name":"Shaded","section":"Shading Mode"},"sceneLighting":false,"audioPlay":false,"sceneViewState":{"m_AlwaysRefresh":false,"showFog":true,"showSkybox":false,"showFlares":true,"showImageEffects":true,"showParticleSystems":true,"showVisualEffectGraphs":true,"m_FxEnabled":true},"in2DMode":false,"pivot":{"x":-0.24555334448814393,"y":3.485668897628784,"z":123.0050048828125},"rotation":{"x":0.08232046663761139,"y":0.017649665474891664,"z":-0.0008338495972566307,"w":0.996456503868103},"size":0.8660253882408142,"orthographic":false}