{"cameraMode":{"drawMode":0,"name":"Shaded","section":"Shading Mode"},"sceneLighting":false,"audioPlay":false,"sceneViewState":{"m_AlwaysRefresh":false,"showFog":true,"showSkybox":false,"showFlares":true,"showImageEffects":true,"showParticleSystems":true,"showVisualEffectGraphs":true,"m_FxEnabled":true},"in2DMode":false,"pivot":{"x":-0.04557481408119202,"y":-0.06153743714094162,"z":0.6837748289108276},"rotation":{"x":0.12113647907972336,"y":0.004226318560540676,"z":0.00040225221891887486,"w":0.9926301836967468},"size":0.45181798934936526,"orthographic":false}