{"cameraMode":{"drawMode":0,"name":"Shaded","section":"Shading Mode"},"sceneLighting":true,"audioPlay":false,"sceneViewState":{"m_AlwaysRefresh":false,"showFog":true,"showSkybox":true,"showFlares":true,"showImageEffects":true,"showParticleSystems":true,"showVisualEffectGraphs":true,"m_FxEnabled":true},"in2DMode":false,"pivot":{"x":-40.108089447021487,"y":-30.14911460876465,"z":14.182353973388672},"rotation":{"x":0.6931775808334351,"y":0.003243408864364028,"z":-0.0031193203758448364,"w":0.7207525372505188},"size":176.0099639892578,"orthographic":true}